company_name,company_address,created_at,available_data,text
Centre Du Sablon,"755 Chemin Du Sablon, Laval, Quebec, H7W 4H5, Canada",01 Oct 2023,86 GB,"<p><strong>Centre du Sablon</strong> provides activities focusing on sports, cultural, and community based events. We benefit from the many opportunities that strengthen the social fabric by allowing clients, visitors, employees, and volunteers to meet and to get to know each other.<br><br><strong>The company's servers were successfully encrypted and compromised, if the company's management does not want all the stolen data to be published here, then you should contact us as soon as possible, otherwise we will publish the following data:</strong><br>Passports and insurance cards!<br>Databases, backup data, User Data!<br>Finance, budget from 2016 to 2024, banking, taxes, accounting, analytics!<br>Personal data of clients and employees including personal contacts and company management data!<br>HR, &nbsp;Management data, report, project, legal doc, and thousands of other critical and confidential data.<br><br><strong>Last Warning!!!<br>Our next step will be to fully publish the data.<br>We advise you not to bring the situation to a critical level and contact us as soon as possible, otherwise</strong><br>- All the data that we have will be published here<br>- Spam campaign will be launched across all email databases that we have at our disposal.<br><strong>Assign a person to the position of negotiator, and tell him to contact us, we will explain everything and help you solve this problem.</strong><br><strong>Time is running out.</strong></p>"
Ordine Degli Psicologi Della Lombardia,"75 Corso Buenos Aires, Milano, Lombardy, 20124, Italy",03 Oct 2023,7 GB,"<p><strong>Order of Psychologists of Lombardy<br><br>The company was successfully encrypted and compromised.<br></strong>The company's management not contacted us, so we are warning you that <strong>more than 5GB</strong> of confidential and sensitive data was stolen from your network, such as:<strong><br></strong>Hundreds of passports and ID cards!<br>Confidential agreements and contracts!<br>Banking, legal documents, client data, reports, finances, letters and thousands of other important documents.<strong><br><br></strong><strong>Last Warning!!!<br>Our next step will be to fully publish the data.</strong><br>We advise the company management to make the right decision and contact us, otherwise <strong>spam campaign</strong> will be launched against your company, and also we be deal more and more new blows which will cause you devastating damage.<br><strong>Assign a person to the position of negotiator, and tell him to contact us, we will explain everything and help you solve this problem.</strong><br><strong>Time is running out.</strong></p>
<p><strong><br><br></strong></p>"
Penfield Fire Co,"1838 Penfield Rd, Penfield, New York, 14526, United States",01 Oct 2023,1 GB,"<p>The <strong>Penfield Fire Company</strong> is comprised of 100% volunteers of both men and women living in the community. Our units operate within a 30 square mile district which covers over 11,500 residences that make up a large portion of the town of Penfield, along with areas in the town of Perinton.<br><br><strong>The company was successfully encrypted and compromised.</strong><br>We have more 1GB of data such as:<br>Purchase contract and agreement!<br>Personal data of employees and citizens, including personal contacts and place of residence!<br>Tax, finance, Budget, insurance, report, legal doc, PFD Commission data, scan, layout of Pinfield School and other buildings, letters and many other important documents.<br><br><strong>Last Warning!!!<br>Our next step will be to fully publish the data.<br>We advise you to return to negotiations with us, otherwise after 7 days we will publish all the data that we have without warning or extension of time!</strong><br><strong>Time is running out.</strong></p>"
Elbe-Obst Fruchtverarbeitung GmbH,"5 Gerd-heinssen-str., Horneburg, Lower Saxony, 21640, Germany",01 Oct 2023,30 GB,"<p>Fruit processing is certified according to both IFS and BCS for the processing of organically grown fruit. We have been a member of the Elbe-Obst &nbsp;producer organization since 2009 as <strong>Elbe-Obst Fruchtprocessing GmbH</strong>. V. and benefit from the expertise of our parent company in the field of pome fruit cultivation.<br><br><strong>The company's network was successfully encrypted and compromised.</strong><br>The management is silent about the attack on their network, but we warn you, if you continue to remain silent and do not contact us, the following data will leak into the network:<br>Passports, ID cards, insurance cards!<br>Personal data of employees and clients!<br>Hiring short-term employees and documentation of employment!<br>Payments 2021-2023, certificates, resumes, reports, meeting documents, banking, agreements and contracts, payments, internal company documents, accesses and thousands of other confidential and sensitive company data.<br><br><strong>Last Warning!!!<br>Our next step will be to fully publish the data.<br>We advise the Fruchtprocessing management to make the right decision and contact us. </strong>Otherwise, if you do not contact us, all data will be published and the storm of problems that will await you will be destructive.<br><strong>Assign a person to the position of negotiator, and tell him to contact us, we will explain everything and help you solve this problem.</strong><br><strong>Time is running out.</strong></p>"
Gasmart,"Tijuana, Baja California, Mexico",09 Oct 2023,184 GB,"<p><strong>Gasmart</strong> is a gasoline group offers mechanical review, routine maintenance, and payment wise strategy.<br><br><strong>The company's network was successfully encrypted and compromised.</strong><br>The guys have been silent for more than a week and have not contacted us, well, in this case, your affairs are very bad, because the damage that you will receive after publishing the data will be destructive for you and can lead the company to collapse!!!<br><strong>We have more than 450.000 confidential and privet documents, such as:</strong><br>Confidential agreements and contracts!<br>Finance, budget, taxes, insurance, backing, analysis, reports!<br>Tens of thousands of legal documents and documents subject to the GDPR law!<br>Personal data of employees of clients and partners, Passports, ID cards, DL etc.!<br>Documents on working with clients and tens of thousands of documents from other companies!<br>Invoices, backup data, certificates, declarations, Payroll-HR, HR and other confidential and sensitive company data.<br><br><strong>We advise you not to bring the situation to a critical level and contact us as soon as possible.</strong><br><strong>Assign a person to the position of negotiator, and tell him to contact us, we will explain everything and help you solve this problem.</strong><br><strong>Time is running out.</strong></p>"
Healthy Baby Essentials Inc,"1600 Boston Providence Hwy Ste 232, Walpole, Massachusetts, 02081, USA",25 Sep 2023,70 GB,"<p><strong>Healthy Baby Essentials Inc</strong> respect for patient rights is reflected in the caring and professional manner in which we deliver our equipment and services. The satisfaction of our internal and external customers is our goal and we are constantly seeking opportunities for improvement.<br><br><strong>The company's network was successfully encrypted and compromised.</strong><br>The guys have been silent for more than a week and have not contacted us, well, in this case, your affairs are very bad, because the damage that you will receive after publishing the data will be destructive for you and can lead the company to collapse!!!<br><strong>We have more than 60,000 scanned documents containing personal and confidential information of patients and customers - First last name\dob\adress\city\state\zip\mail\pthone\insurance id\Credit card type CC+CVV+EXP !</strong><br>Accounting, finance, tax, banking 2019-2023!<br>Insurance, backup, reports, letters, HR and thousands of other critical and confidential data.<br><br><strong>Last Warning!!!<br>We advise you not to bring the situation to a critical level and contact us as soon as possible, otherwise</strong><br>- All the data that we have will be published here<br>- Spam campaign will be launched across all email databases that we have at our disposal.<br><strong>Assign a person to the position of negotiator, and tell him to contact us, we will explain everything and help you solve this problem.</strong><br><strong>Time is running out.</strong></p>"
Mount Holly Nissan,"1513 Rte 38, Hainesport, New Jersey, 08036, United States",09 Oct 2023,4 GB,"<p><strong>Mount Holly Nissan</strong> is a company that operates in the Automotive industry. It employs 21-50 people and has $5M-$10M of revenue.At Mount Holly Nissan serving Burlington, Cherry Hill, &amp; Mt. Laurel, we pride ourselves on being different from other car dealerships in South Jersey. We have strived to make ourselves an automotive facility that drivers in the area can depend on for all of their automotive needs.<br><br><strong>The company's main servers were successfully encrypted and compromised.</strong><br>We have<strong> more than 10,000 documents</strong> such as:<br>Confidential agreements and contracts, Evidence of Insurance!<br>Monthly Finance Payment Estimate, Daily Sales Report, Vehicle purchse receipt!<br><span style=""text-decoration: underline;""><strong>Clients personal data First last name\dob\adress\city\state\zip\mail\pthone\SSN\DL\Passport\ID Card etc!</strong></span><br>Certificates, taxes, payments, accounting, reports, banking, and thousands of other confidential and important documents.<br><br><strong>We advise you not to bring the situation to a critical level and contact us as soon as possible.</strong><br><strong>Assign a person to the position of negotiator, and tell him to contact us, we will explain everything and help you solve this problem.</strong><br><strong>Time is running out.</strong></p>"
Korea Petroleum Industrial Co. Ltd,"166 Ichon-ro, Seoul, Seoul, South Korea",05 Oct 2023,145 GB,"<p><strong>Korea Petroleum Industries Company</strong> produces and sells asphalts, solvents, and building materials. It offers blown asphalt; and construction materials, including tar and water base polyurethane, waterstops, sheet membranes, tapes, cold patches, sealants, emulsions, etc...<br><br><strong>The company's servers were successfully encrypted and compromised<br></strong>If the company's management does not want all the stolen data to be published here, then you should contact us as soon as possible, otherwise we will publish the following data:<br>Confidential agreement and contracts!<br>Finance, budget, tax data, payments, banking!<br>Import-export documents from 2011 to 2023!<br>Reports, certificate of analysis, Development, projects, database, certificates, hundreds of business registration doc and 250k other confidential and important document.<br><br><strong>We advise you not to bring the situation to a critical level and contact us as soon as possible, otherwise</strong><br>- All the data that we have will be published here.<br>- Spam campaign will be launched across all email databases that we have at our disposal.&nbsp;<br>- We will launch an attack on your clients using the databases we have.<br><strong>Assign a person to the position of negotiator, and tell him to contact us, we will explain everything and help you solve this problem.</strong><br><strong>Time is running out.</strong></p>"
El Colegio De San Luis,"155 Parque De Macul, San Luis Potosi, San Luis Potosi, 78294, Mexico",24 Sep 2023,20 GB,"<p>Welcome to the page of<strong> El Colegio de San Luis</strong>, a Public Research Center that is part of the System of Public Research Centers of the National Council of Science and Technology, in Mexico.&nbsp;Our research work and training of high-level academic researchers specializes in the Social Sciences and Humanities.<br><br><strong>The company's network was successfully encrypted and compromised.</strong><br>The company's management chose the path of lies and does not admit that their network was compromised, but we have tens of thousands of documents that can confirm this. If you continue to remain silent we will publish <strong>20GB of data</strong>, for example we have:<br>Accounting, financial sector, reports, banking, personal data, certificates, asset declarations, salary deductions, financial statements, HR and thousands of other important documents.<br><strong><br>Last Warning!!!<br>We advise the El Colegio de San Luis management to make the right decision and contact us. </strong>Otherwise, if you do not contact us, all data will be published and the storm of problems that will await you will be destructive.<br><strong>Assign a person to the position of negotiator, and tell him to contact us, we will explain everything and help you solve this problem.<br>Time is running out.<br></strong></p>"
Seattle Housing Authority,"190 Queen Anne Ave N, Seattle, Washington, 98109, United States",05 Oct 2023,158 GB,"<p>Established in 1939, the <strong>Seattle Housing Authority</strong> provides safe and affordable living environments that foster stability and self-sufficiency for people with low incomes in the Seattle area. They provide long-term and low-income rental housing and rental assistanc.<br><br><strong>The company's main servers were successfully encrypted and compromised.</strong><br>We advise Shelly Yapp Chief Financial Officer to prepare money for cooperation with us and not to lie the fact that your servers not have been compromised. Contact us as soon as possible because remaining silent for you is the worst outcome since&nbsp;<strong>we have 400,000 confidential files</strong>, for example such as:<br><span style=""text-decoration: underline;"">Confidential Privacy Act Data!</span><br><span style=""text-decoration: underline;"">Confidential agreements and contracts, NDA!</span><br><span style=""text-decoration: underline;"">Passports, ID cards, driver's licenses, SSN Cards!</span><br><span style=""text-decoration: underline;"">Audit, accounting, developman project, HR, account payble!</span><br><span style=""text-decoration: underline;"">Client data and data of more than 150 PCs of employees were completely stolen!</span><br><span style=""text-decoration: underline;"">Tens of thousands of scanned documents, insurance, letters, certificates, backups, analytics, reports, invoices, banking, taxes, finance, budget, and hundreds of thousands of other confidential and private data.<br><br></span><strong>We appeal to Rod Brandon Executive Director.</strong><br><strong>Rod, do you really want to see what consequences the Seattle Housing Authority will have after leaking all 158GB of data? We recommend that you Assign a person to the position of negotiator, and tell him to contact us as soon as possible.</strong><br>Otherwise, the whole world will see your attitude and the attitude of the company as a whole towards the protection of confidential data of both your clients, partners, investors and employees. After a data leak, you will have problems on a colossal scale, and we say this without exaggeration because we see of what data will be published if you remain silent. Lawsuits, proceedings and compensation will amount to millions of dollars. All you need to do to solve this problem is simply contact us and make a deal.<br><strong>Time is running out.</strong><br><br></p>"
SEFAG Zrt,"7400 Kaposvár, Bajcsy-Zsilinszky u. 21.   7401 Kaposvár Pf. 9.",24 Sep 2023,25 GB,"<p>The tourism establishments of <strong>SEFAG Zrt</strong>. attract their visitors, such as the Zselici Star Park near Kaposvr and the Ropolyi pihenhely, the Erdk Hza Visitor Center in Kaposvr, the Szigy Forestry School, as well as our resorts - the wild forest, the Gyertynosi Read.<br><br><strong>The company's network was successfully encrypted and compromised.</strong><br>The management is silent about the attack on their network, but we warn you, if you continue to remain silent and do not contact us, the following data will leak into the network:<br>Notarial documents, invoices, reports, certificates, residence permits, legal documents, financial sector, decisions, drawings,<br>banking, confidential data, insurance, and thousands of other confidential and sensitive company data.<br><br><strong>Last Warning!!!<br>We advise the SEFAG Zrt management to make the right decision and contact us. </strong>Otherwise, if you do not contact us, all data will be published and the storm of problems that will await you will be destructive.<br><strong>Assign a person to the position of negotiator, and tell him to contact us, we will explain everything and help you solve this problem.</strong><br><strong>Time is running out.</strong></p>"
BELLSONICA CORPORATION,"630-18, Yamaguchi, Kosai-shi, Shizuoka",24 Sep 2023,17 GB,"<p>Our name, <strong>Bellsonica</strong>. Technology from our&nbsp;innovative enterprise strikes a clear note and rings throughout the industry. We work in highly specialized fields&nbsp;of engineering and technology. Our name itself&nbsp;reflects our field of work, and our special talent.<br><br><strong>The company's network was successfully hacked and compromised.</strong><br>We have <strong>more than 15GB of data</strong> such as:<br>Parts listings, orders, developments, design, backup data, accounting, credits, databases and thousands of other documents.<span style=""color: rgb(51, 51, 51); font-family: arial, helvetica, clean, sans-serif; font-size: 13px; font-style: normal; font-variant-ligatures: normal; font-variant-caps: normal; font-weight: 400; letter-spacing: normal; orphans: 2; text-align: left; text-indent: 0px; text-transform: none; widows: 2; word-spacing: 0px; -webkit-text-stroke-width: 0px; white-space: normal; text-decoration-thickness: initial; text-decoration-style: initial; text-decoration-color: initial; display: inline !important; float: none;""><br><br></span><strong>Last Warning!!!<br>Assign a person to the position of negotiator, and tell him to contact us, we will explain everything and help you solve this problem.</strong><br><strong>Time is running out.</strong><span style=""color: rgb(51, 51, 51); font-family: arial, helvetica, clean, sans-serif; font-size: 13px; font-style: normal; font-variant-ligatures: normal; font-variant-caps: normal; font-weight: 400; letter-spacing: normal; orphans: 2; text-align: left; text-indent: 0px; text-transform: none; widows: 2; word-spacing: 0px; -webkit-text-stroke-width: 0px; white-space: normal; text-decoration-thickness: initial; text-decoration-style: initial; text-decoration-color: initial; display: inline !important; float: none;""><br></span></p>"
Instant Access Co,"Gate 3, OP21 Al Maktoum Airport St.Dubai Logistic City-DWC, 3rd floor Kharafi Building, Dubai – UAE.",09 Oct 2023,212 GB,"<p><strong>Instant Access</strong> is the foremost company involved in the sale and rental of quality construction-related equipment.<br><br><strong>The company was successfully encrypted and compromised.</strong><br>We've been in company network long enough to steal the most important documents from the servers.<br>Now <strong>we have 212GB of data</strong> at our disposal, such as:<br><span style=""text-decoration: underline;"">Client data!</span><br><span style=""text-decoration: underline;"">Thousands of passports, ID Card, Death Certificate, !</span><br><span style=""text-decoration: underline;"">Confidential and personal data of hundreds of employees!</span><br>Audit of financial statements, payment of salaries, taxes, reports, letters!<br>Legal docs, Documents from the Ministry of Justice, licenses, certificates, confidential Agreements and contracts!<br>Backup data, databases, insurance, and hundreds of thousands of other confidential and sensitive data of both the company and employees and clients.<br><br>We advise <strong>Instant Access</strong> management or IT dept to contact us and start negotiations, otherwise we leak all this data.<br>Letters with instructions have been sent to your corporate emails, use them and we will help you solve this problem.<br><strong>Assign a person to the position of negotiator, and tell him to contact us, we will explain everything and help you solve this problem.</strong><br><strong>Time is running out.</strong></p>"
Mulkay Cardiology Consultants,"15 Ver Valen St, Closter, New Jersey, 07624, United States",02 Sep 2023,60 GB,"<p><strong>Angel J. Mulkay, MD</strong>, cardiac and peripheral interventionalist founded Mulkay Cardiology Consultants more than a decade ago.</p>
<p><strong>The network was successfully encrypted and compromised.</strong><br>We have over<strong> 60 GB of confidential and personal data on</strong> <strong>over 30,000 patients</strong> and more:<strong><br></strong>payments, receipt, report, insurance cards, <strong>patient data (name dob phone insured ID adress etc)</strong>, medical cards, medical records, access cards, driver's licenses, Covid certificates, patient diagnostic data and thousands of other confidential and critical documents.<strong><br></strong></p>
<p><strong>Bye Bye!<br></strong></p>"
Waterloo Media,"8309 N Interstate 35, Austin, Texas, 78753, United States",20 Sep 2023,50 GB,"<p><strong>Waterloo Media</strong> is connected to the Austin community with a reach that is unparalleled. We create marketing plans that deliver results for our clients and use our local footprint to help advertisers engage with potential customers in meaningful ways.</p>
<p><strong>The company was successfully encrypted and compromised.</strong><br>If the company management does not contact us as soon as possible, we leak data such as:<br>Agreements, personal data of employees and customers, hundreds of resumes, taxes, accounting, HR, sales, reports, engineering and tens of thousands of other documents.</p>
<p><strong>Bye Bye!<br></strong></p>"
Effigest Capital Services,"20 Rue Schnapper, Saint-Germain-en-Laye, Ile-de-France, 78105, France",01 Oct 2023,46 GB,"<p><strong>Effigest</strong> is an accounting and consulting company!<br><br><strong>The company's servers were successfully encrypted and compromised.</strong><br>The guys do not take the situation seriously and do not comply with our demands, so <strong>we are leaking 50% of the data</strong> and giving them time until the end of the week!<br>If we do not get what we agreed on, you will see a full data leak here, and all your clients, partners and employees will be informed that you do not care about the security of their data and you have chosen the path of data leakage.<br><strong><br>Bye Bye!</strong></p>"
Scara,"Zi De Villette, Arcis-sur-aube, France",21 Sep 2023,62 GB,"<p><strong>SCARA (Soci&eacute;t&eacute; Coop&eacute;rative Agricole de la R&eacute;gion d&rsquo;Arcis-sur-Aube)</strong> is an agricultural cooperative which extends over 30 kilometers around Arcis sur Aube near Troyes. For 100 years, it has focused its activity on the collection and marketing of cereal crops .<br><br><strong>The company was successfully encrypted and compromised.</strong><br>We have <strong>over 60GB of data</strong> such as:<br>Passports and ID cards!<br>Hundreds of confidential agreements and contracts!<br>Downloaded data from more than 20 employee PCs!<br>Personal information and photos of employees, personal information of clients!<br>Drawings, certificates, finances, taxes, budgets and tens of thousands of other confidentially important and sensitive data.<br><strong><br>Bye Bye!</strong></p>"
Leekes Ltd,"Beanacre Rd, Melksham, Wiltshire, SN12 8AG, United Kingdom",17 Sep 2023,342 GB,"<p><strong>Leekes Ltd</strong> is a Welsh retailer based in South Wales, South West England and The Midlands. The company was founded in 1897, and currently has seven operating stores.</p>
<p><strong>The company's network was successfully encrypted and compromised.</strong><br>The company's management chose the path of lies and does not admit that their network was compromised, but we have tens of thousands of documents that can confirm this. If you continue to remain silent we will publish <strong>342GB of data</strong>, for example we have:<br>Hundreds of passports, ID cards, driver's licenses!<br>Personal information of employees, clients, management!<br>Customers. A complete package of data on working with customers.<br>Confidential agreements, contracts, reports, supplier profiles, hundreds of certificates etc!<br>Finance, taxes, analytics, budget, accounting, banking, including personal banking information!<br>Engineering, export and import, HR, declarations, thousands of scans, backup data and tens of thousands of other confidential and important data.<br><strong><br>Bye Bye!</strong></p>"
BPR Properties LLC,"2485 Penny Rd Ste 140, High Point, North Carolina, 27265, United States",16 Sep 2023,100 GB,"<p><strong>BPR Properties</strong> was founded in 1983, with the purchase of our first property: a smoke shop in Staten Island, New York.&nbsp;Since our humble beginnings, BPR Properties has acquired and developed nearly 100 hotels, developed over 2000 acres in commercial and residential real estate, and grown into the sophisticated company that it is today.</p>
<p><strong>The company was successfully encrypted and compromised.</strong><br>If management continues to remain silent and is not going to contact us, then <strong>100GB of confidential data</strong> will be published on the network, such as:<br>HR, Accounting, reports, audits, confidential agreements and contracts, personal information of employees, development, legal doc, insurance, finance, tax, budget, and tens of thousands of other confidential and important documents.</p>
<p><strong>Bye Bye!</strong></p>"
Powerhouse Retail Services LLC,"812 S Crowley Rd Ste A, Crowley, Texas, 76036, United States",20 Sep 2023,21 GB,"<p>From facilities maintenance to exterior services, rollout and refresh programs, <strong>Powerhouse</strong> is your turnkey solution for commercial infrastructure maintenance and enhancement services. We leverage unparalleled service and technology to implement solutions that enable our customers to maximize brand presence and profitability</p>
<p><strong>The company was successfully encrypted and compromised.</strong><br>The company's management not contacted us, so we are warning you that <strong>more than 20GB of confidential and sensitive data</strong> was stolen from your network, such as:<br>Agreement and contracts!<br>Full project list and project!<br>Thousands of legal documents!<br>Banking, tax, budget and finance sector!<br>Confidential information about employe, customer, vendor and management, DL IDcard etc!<br>Report and audit, payments, invoice, check, isurance, license, incident report, ATM circuit and blueprints, SVW docs &nbsp;and tens of thousands of other critical and sensitive company data.</p>
<p><strong>Enjoy Guys(:</strong></p>"
GEACAM,"27 Hnos. Becerril, Cuenca, Castille-La Mancha, 16004, Spain",06 Oct 2023,71 GB,"<p>The public company Environmental Management of Castilla-La Mancha (<strong>GEACAM</strong>), integrated into the Ministry of Sustainable Development, faces a new stage in which it must regain its leadership role in the comprehensive management of the Environment of our region, in coordination with all and each of the departments of the Government of Castilla-La Mancha, local and provincial entities, companies in the sector and private owners, involved in sustainable rural development.<br><br><strong>Last Warning!!!<br>The guys decided to play with us. OK! We can also play a game with you called &ldquo;get in touch if you don&rsquo;t want all the company data to leak&rdquo;</strong><br><strong>We have more than 70GB of confidential and sensitive company data, which data you already know :)</strong><br><strong>If you do not contact us, we will immediately perform a full data leak, without warning and without additional time!<br><br>Bye!<br></strong></p>"
Kentie Systeemtechniek BV,"113 Noordeinde, Hendrik-ido Ambacht, Zuid-holland, 3341LW, Netherlands",25 Sep 2023,27 GB,"<p><strong>Kentie Systeemtechniek BV</strong> is a company that operates in the Machinery industry. It employs 11-20 people and has $1M-$5M of revenue. The company is headquartered in Hendrik-ido Ambacht, Zuid-holland, Netherlands.<br><br><strong>The company was successfully encrypted and compromised.</strong><br>We have<strong> over 20GB</strong> of data such as:<br>Agreements, reports, backup data, databases, software, and other information.</p>
<p><strong>Bye!</strong></p>"
Küng Ag Bern,"28 Weyermannsstrasse, Bern, Bern, 3008, Switzerland",10 Sep 2023,31 GB,"<p><strong>K&uuml;ng Ag Bern</strong> handle the wholesale trade and distribution of mineral oil products under the AVIA brand. We have significant storage space in the Bern area. Our customers can refuel cashless using the AVIA card at over 550 AVIA gas stations with over 100 shops throughout Switzerland. We advise and supply our customers with high-quality AVIA lubricants every day .<br><br><strong>The company was successfully encrypted and compromised.</strong><br>The company's management decided to keep silent about the fact that the servers were compromised and do not contact us, so we want to remind you what will happen if you do not contact us, <strong>31GB of data</strong> will be published first, for example, we have:<br>Personal photos of employees, completely compromised employee PCs !<br>Banking, statements, insurance, invoices, payments, finance, Budget from 2008 to 2023!<br>Statements of consent, agreements, contracts, guarantee certificates, leasing documents, personnel!<br>Personal data of employees and clients - passports, driver's licenses, IDcard, client list first/last name adress, dob, phone, mail, etc.<br>And tens of thousands of other confidential and sensitive company doc.</p>
<p><strong>Bye!</strong></p>"
Kool-Air Inc,"19 Beauvais, Delson, Quebec, J5B 1W5, Canada",14 Sep 2023,100 GB,"<p>Kool-Air&rsquo;s management team is experienced in all phases of manufacturing, sales and marketing of superior quality refrigeration products for commercial, industrial and institutional applications. Typical applications of Kool-Air products are: refrigerated warehouses, food processing, pharmaceuticals, arenas, supermarkets, convenience stores, restaurants, computer rooms and many more.<br><br><strong>The network was successfully encrypted and compromised.</strong><br><strong>We have 100GB of data</strong>, for example:<br>Software, backup data!<br>Finance, sales, reports!<br>Data was stolen from employee user PCs!<br>Drawings, serial numbers and thousands of documents about the company's products!<br>80,000 documents on working with clients, their orders, contact information, personal data, etc.!<br>Certificates and many other important company information.<br><strong><br>Bye!</strong></p>"
IKP,Museumstraße 3/5 1070 Wien Austria,10 Sep 2023,50 GB,"<p>Three letters with a big impact &ndash; <strong>ikp</strong> is one of the leading communications agencies in Austria and has won many awards. From classic media work to digital communication &ndash; we are equipped for your communication challenges.<br><br><strong>If you continue to remain silent we will publish 50GB of data such as</strong>:<br>Passports of employees and clients as well as their personal information phone mail name dob etc, <br>Many confidential documents and confidential agreements, contracts and NDA!<br>Financial sector, profit and loss accounting, budget, accounting, tax etc!<br>Insurance, invoices, customer service data and much other confidential and sensitive information stolen from the company&rsquo;s servers!<br><strong><br>Bye!</strong></p>"
Fondation Vincent De Paul,"15 Rue Toussaint, Strasbourg, Grand-Est, 67000, France",07 Sep 2023,34 GB,"<p>Created by the Congregation of the Sisters of Charity of Strasbourg, the <strong>Vincent de Paul Foundation</strong> was recognized as a public benefit by a resolution of the Council of State of December 26, 2001.<br><br><strong>The foundation's network was successfully compromised and encrypted.</strong><br>If the company&rsquo;s management decides to continue to remain silent about this incident, then we will publish <strong>more than 30GB of data stolen</strong> from the network, such as:<br>Passports, patient files and their medical records, list of applications for admission, photos and personal information of clients, registration forms, documents related to working with patients, letters, databases, backup data, insurance cards, payments, invoices, budgets, contracts, and much other important and confidential information.</p>
<p><strong>Bye!</strong><br><br></p>"
International Joint Commission,"1717 H St NW Ste 835, Washington, District of Columbia, 20006, United States",07 Sep 2023,80 GB,"<p>Canada and the United States created the <strong>International Joint Commission</strong> because they recognized that each country is affected by the other's actions in lake and river systems along the border. The two countries cooperate to manage these waters and to protect them for the benefit of today's citizens and future generations.<br>The IJC has two main responsibilities: approving projects that affect water levels and flows across the boundary and investigating transboundary issues and recommending solutions.The IJC's recommendations and decisions take into account the needs of a wide range of water uses, including drinking water, commercial shipping, hydroelectric power generation, agriculture, ecosystem health, industry, fishing, recreational boating and shoreline property.<span style=""color: rgb(51, 51, 51); font-family: Roboto, Helvetica, Arial, sans-serif; font-size: 17.3333px; font-style: normal; font-variant-ligatures: normal; font-variant-caps: normal; font-weight: 400; letter-spacing: normal; orphans: 2; text-align: start; text-indent: 0px; text-transform: none; widows: 2; word-spacing: 0px; -webkit-text-stroke-width: 0px; white-space: normal; background-color: rgb(255, 255, 255); text-decoration-thickness: initial; text-decoration-style: initial; text-decoration-color: initial; display: inline !important; float: none;""><br><br></span><strong>The IJC network was successfully encrypted and compromised.</strong><br>We have <strong>more than 80GB of data</strong>, namely:<br>Confidential documents, legal documents, contracts, personal information of members and employees, memorandums, conflict of interest documents, hundreds of contracts, geological documents, banking, finance, insurance and much other confidential and sensitive information.<span style=""color: rgb(51, 51, 51); font-family: Roboto, Helvetica, Arial, sans-serif; font-size: 17.3333px; font-style: normal; font-variant-ligatures: normal; font-variant-caps: normal; font-weight: 400; letter-spacing: normal; orphans: 2; text-align: start; text-indent: 0px; text-transform: none; widows: 2; word-spacing: 0px; -webkit-text-stroke-width: 0px; white-space: normal; background-color: rgb(255, 255, 255); text-decoration-thickness: initial; text-decoration-style: initial; text-decoration-color: initial; display: inline !important; float: none;""><br><br></span><strong>Bye!</strong><span style=""color: rgb(51, 51, 51); font-family: Roboto, Helvetica, Arial, sans-serif; font-size: 17.3333px; font-style: normal; font-variant-ligatures: normal; font-variant-caps: normal; font-weight: 400; letter-spacing: normal; orphans: 2; text-align: start; text-indent: 0px; text-transform: none; widows: 2; word-spacing: 0px; -webkit-text-stroke-width: 0px; white-space: normal; background-color: rgb(255, 255, 255); text-decoration-thickness: initial; text-decoration-style: initial; text-decoration-color: initial; display: inline !important; float: none;""><br></span></p>"
"EDUCAL, SA de CV","450 Av. Ceylán, Mexico City, Mexico City, 02660, Mexico",07 Sep 2023,50 GB,"<p><strong>EDUCAL</strong> was established on January 29, 1982 as a public limited company with variable capital, with the corporate purpose of designing teaching materials that supported the National Educational System.&nbsp;In 1987 he was assigned the resources and functions of &ldquo;El Correo del Libro&rdquo;.</p>
<p><strong>The company was successfully encrypted and compromised.</strong><br>We have <strong>50GB data</strong> such as:<br>Id card, inventory reports, memorandum, contracts, HR, commission documents, audit, completely copied employee PCs, financial sector, client portfolios, reports, databases and much other important information.</p>
<p><strong>Last Warning!!!</strong><br>If the company management does not contact us as soon as possible, all stolen data will be published and encrypted files will be irretrievably destroyed.<br><strong>Time is running out.</strong></p>"
"AdSage Technology Co., Ltd.","10500 NE 8th St Ste 1160, Bellevue, Washington, 98004, United States",03 Sep 2023,31 GB,"<p>Beijing <strong>AdSage Technology Co., Ltd. (AdSage/adSage)</strong> was established in 2007. It is famous for its big data mining and precision marketing. It is the ""CNAAⅠ"" certification of the China Advertising Association and one of the top 100 Internet companies in China.&nbsp;The company has 300+ employees, is headquartered in Beijing, and has branches in Shanghai, Wuxi, Shenzhen, Seattle, Los Angeles and other places. It is committed to providing customers with SEM, SEO services, application distribution, information flow, super APP, and DSP precision advertising. , social video advertising and other one-stop digital integrated marketing services.</p>
<p><strong>The company was successfully compromised and encrypted.</strong><br>Management denies an attack on adSage Corporation, but we are ready to provide evidence an compromised data.<br>We have <strong>over 30GB</strong> of data:<br>log data, report files, backup data and much other sensitive company information.</p>
<p><strong>Bye!</strong></p>"
Altmann Dental GmbH & Co KG,"3 Schützenstr., Bamberg, Bayern, 96047, Germany",02 Sep 2023,18 GB,"<p><strong>Altmann Dental GmbH &amp; Co. KG</strong> is one of the leading dental depots in the industry.&nbsp;As a family business, we have been supporting dentists and dental laboratories in their daily challenges for over 100 years, now in the 3rd generation.<br><br><strong>The company was successfully compromised.</strong><br>More than <strong>18GB of data</strong> was stolen from the company&rsquo;s servers, such as:<br>confidential documents, contracts and agreement, invoices, insurance, finance, banking, client data, and much other sensitive information.</p>
<p><strong>Bye!</strong></p>"
HBME LLC,"559 W 500 S, Bountiful, Utah, 84010, United States",28 Aug 2023,25 GB,"<p><strong>HBME LLC</strong> is an accounting company that provides tax planning, consultation, business accounting and IRS audit representation services.</p>
<p><strong>We have 25GB of service data from 2003-2023 over 50 companies that are HBME customers</strong>, this data includes:<br>Personal data of clients (name, adress, dob, cellphone)<br>Personal and Consolidated Financial Statements<br>Agreement, access, invoices, banking, accounting, financial indicators, payments, insurance, thousands of tax documents, backup data, certificate, etc.</p>
<p><strong>Bye!</strong></p>"
Omniatel,"4 Via Del Bollo, Milano, Lombardy, 20123, Italy",28 Aug 2023,360 GB,"<p>The Rome branch was opened in 2004 to satisfy requirements connected with management and planned development of the market inCentral Italy. In April, 2005, just five years after incorporation and in view of the high turnover, the company stakeholders decided to convert it into a joint-stock company.</p>
<p><strong>The company was successfully encrypted and compromised.</strong><br>We&nbsp;<strong>stolen 360GB of confidential data</strong>, such as:<br>10,000 invoice!<br>HR - downloaded over 10PCs data!<br>Legal documents!<br>Passports, ID cards, etc!<br>Court and prosecutor's documents!<br>Contracts, agreements, finance, banking, client data, backups, Outlook data, access, and many other confidential documentation.</p>
<p><strong>Bye!</strong></p>"
Infinity Construction Company,"18440 Cranwood Parkway Warrensville Hts., OH 44128",04 Sep 2023,30 GB,"<p><strong>Infinity Construction Company</strong> provide General Contracting, Construction Management, and Design-Build services throughout the State of Ohio.&nbsp; Our major markets include Healthcare, Office, Education, Public and Non-Profit, Sports/Recreation and Retail.&nbsp; Our headquarters is a 25,000-sf office and shop/warehouse facility in Warrensville Heights, Ohio.<br><br><strong>We are glad to inform you that the company was successfully compromised.</strong><br>We have <strong>30GB of data</strong> such as:<br>Customer data!<br>Analytics 2015-2022, invoices, finance!<br>All contracts and agreements of the company from 2018 to 20223!<br>Resumes of all employees of the company and personal information!<br>Projects, drawings, reports, questionnaires, photos of objects!<br>Marketing, certificates, insurance, RFQ document and a lot of other confidential information.</p>
<p><strong>Bye Bye.</strong></p>"
Northwave s.r.l.,"Via Levada 145, 31040 Onigo di Pederobba (TV), Italy",28 Aug 2023,250 GB,"<p>At <strong>Northwave</strong> we pour all our energy into one and one thing only: creating the finest products for sport in the mountains. With a single-minded focus, we create innovative products, unmatched in terms of performance, quality, design and style.<br><br><strong>The company is successfully encrypted and compromised.</strong><br>We have <strong>248GB of data</strong>, namely:<br><span style=""text-decoration: underline;"">230GB Outlook Data</span><br><span style=""text-decoration: underline;"">LogData from 1998to20223</span><br><span style=""text-decoration: underline;"">Over 10.000 file Order Confirmation</span><br><span style=""text-decoration: underline;"">Over 50.000 file Transport Documents</span><br><span style=""text-decoration: underline;"">Over 90.000 file Credit Note&amp;Invoice</span><br><span style=""text-decoration: underline;"">Over 50.000 file Shipping order</span><br><span style=""text-decoration: underline;"">Over 1.500 file Weekly report</span><br><span style=""text-decoration: underline;"">Over 800 file Customer account statement</span><br>And many other important and confidential company documents.</p>
<p><strong>Bye Bye.</strong></p>
<p><br><br></p>"
Pasquale Bruni Ltd,"350 5th Ave Fl 41, New York City, New York, 10118, United States",26 Aug 2023,118 GB,"<p><strong>Pasquale Bruni Ltd</strong> is a company that operates in the Luxury Goods &amp; Jewelry industry. It employs 51-100 people and has $10M-$25M of revenue.<br>For two generations we have created the most exceptional pieces of jewellery for women all over the world. Every creation uniting the nobility of metal and precious stones in a family owned and managed workshop in the heart of Italy. Each day we bring our knowledge, independent spirit and experience to the studio and workshop in a labour of love.</p>
<p><strong>The company was successfully encrypted and compromised.</strong><br>We've been in company network long enough to steal the most important documents from the servers.<br>Now we have <strong>118GB of data</strong> at our disposal, such as:<br><span style=""text-decoration: underline;"">15GB of Outlook data!</span><br><span style=""text-decoration: underline;"">Contract and agreements!</span><br><span style=""text-decoration: underline;"">Credit cards cc+exp+cvv!</span><br><span style=""text-decoration: underline;"">Passports, ID and Europass!</span><br><span style=""text-decoration: underline;"">Media plans, presentations etc!</span><br><span style=""text-decoration: underline;"">Over 1,000 customer purchase documents!</span><br><span style=""text-decoration: underline;"">Personal and work correspondence of employees!</span><br><span style=""text-decoration: underline;"">Finance, budget, accounting, banking, invoices, reports!</span><br><span style=""text-decoration: underline;"">Full data about employees and clients in different countries of the world!</span><br><span style=""text-decoration: underline;"">A complete analysis of boutique sales in different countries of the world!</span><br><strong>And dozens of gigabite of other sensitive and important company data.<br><br>Bye Bye.<br></strong></p>"
Ningbo Yinzhou Vocational High School,"Yinzhou Senior Vocational High School, Longshan Village, Meixu Road, Yinzhou District, Ningbo City, Zhejiang Province",18 Aug 2023,7 GB,"<p><strong>Ningbo Yinzhou Vocational High School<br></strong>The school was founded in 1952. In April 1981, the school was approved by the Zhejiang Provincial People&rsquo;s Government as one of the first batch of 18 key middle schools in the province. In 1995, the school became the first batch of provincial key high schools that passed the acceptance.<strong><br style=""box-sizing: inherit; color: rgb(51, 65, 85); font-family: -apple-system, BlinkMacSystemFont, 'Segoe UI', Roboto, Oxygen-Sans, Ubuntu, Cantarell, 'Helvetica Neue', sans-serif; font-size: 16px; font-style: normal; font-variant-ligatures: normal; font-variant-caps: normal; font-weight: 400; letter-spacing: normal; orphans: 2; text-align: start; text-indent: 0px; text-transform: none; widows: 2; word-spacing: 0px; -webkit-text-stroke-width: 0px; white-space: normal; background-color: rgb(255, 255, 255); text-decoration-thickness: initial; text-decoration-style: initial; text-decoration-color: initial;""></strong>As of February 2014, the school covers an area of approximately 208.61 acres, with a total construction area of 69,300 square meters, 30 classes, more than 1,500 students, and 198 faculty members.<br><br><strong>If the management does not contact us, then we leak data such as:</strong><br>Contracts, finance, budget, tax documents, pension benefits, banking, photos of students and their data, diplomas ,certificates and many other confidential information.<br><strong><br>Bye Bye.<br></strong></p>"
Rs Logistics Ltd,"30 N Gould St, Sheridan, Wyoming, 82801, United States",28 Aug 2023,3 GB,"<div data-mesh-id=""comp-jifelh47inlineContent-gridContainer"" data-testid=""mesh-container-content""><strong>RS Logistics Limited </strong>is a fast growing customer-oriented firm in the logistic industry. Founded in 2003, we started our business in Hong Kong as corporate headquarter with a vision to provide worldwide logistics services to clients. Today, RS serves various destinations and becomes one of the leading logistics providers from the major ports in PRC and South East Asia.<br><br><strong>The company was successfully encrypted and compromised.<br></strong>The company's management is hushing up this incident, but we can say something else, because we have <strong>more than 4,000 e-mail documents</strong>, there is a lot of interesting information inside :)<br><strong><br>Bye Bye.</strong></div>"
"GORDON, MUIR & FOLEY LLP","1344 Silas Deane Highway, Suite 501, Rocky Hill, CT  06067",28 Aug 2023,5 GB,"<p><strong>Gordon, Muir &amp; Foley</strong> represents diverse clients in a broad range of practice areas.&nbsp; Founded in 1947, we are dedicated to creative and efficient legal solutions tailored to the needs of each client. Open communication is the key to quality decisions and successful resolution. We work closely and carefully with every client we serve.<br><br><strong>The company was successfully encrypted and compromised. </strong><br>Any statements by the management that this is not true can be considered a lie. We have more than&nbsp;<strong>5 GB of data</strong>, for example:<br>Insurance, customer and employee data, legal documents, invoices, licenses, contracts, finances, banking, reports, customer service documents, arbitrations, compensations and many other confidential and important information.<br><br><strong>Bye Bye.</strong><br><br></p>"
Fiocruz,"1510 Rua 2 De Setembro, Blumenau, Santa Catarina, 89000-000, Brazil",18 Aug 2023,754 GB,"<p><strong>The Institute of technology in Immunobiology (Bio-Manguinhos) is the technical-scientific unit of the Oswaldo Cruz Foundation (Fiocruz)</strong> that produces and develops immunobiological solutions to meet the demands of public health.<br><br>The company's main servers were successfully encrypted and compromised.<br>The company's management, led by Paulo Gadelha and Mauricio Zuma, took the side of the lie and denied that the company had been compromised. This is the worst outcome for you, because we have about <strong>754GB of data stolen</strong> from your servers, namely:<br>Over 200GB of backups and databases!<br>Over 10GB of projects!<br>Hundreds of certificates!<br>Notarized and legal documents!<br>Financial sector, banking, tax etc!<br>Legal declarations and income tables!<br><span style=""text-decoration: underline;"">Sexual harassment, sexual harassment reports!</span><br>Hundreds of confidential agreements and contracts!<br><span style=""text-decoration: underline;"">HR - Sensitive and confidential data of clients and partners, passports, identity cards, contact , dob, mail etc!</span><br>Immunization cards, patient documents, patient requests for cannabis, cannabis use by patients, statements, reports, incidents, insurance, and hundreds of gigabytes of other critical and confidential documents of both the company and customers, partners, employees, etc.</p>
<p><strong>The guys choose the path of data leakage, ok, get it :) Now all your clients and partners will see your attitude towards the confidentiality of their data.<br>Bye Bye.<br></strong></p>"
Iina Ba Inc,"PO Box 2606 Farmington, New Mexico 87499",23 Aug 2023,18 GB,"<p><strong>Iina Ba Inc is </strong>a company that operates in the Civil Engineering industry. It employs 21-50 people and has $5M-$10M of revenue.<br>Our mission is to provide innovative solutions to environmental demands, designed through a positive goal oriented structure centered around a dedicated teamwork foundation.&nbsp; This continuing philosophy enables development of values and individuals resulting in our ultimate goal of complete and total customer satisfaction.<span style=""color: rgb(1, 13, 57); font-family: Montserrat, sans-serif; font-size: 14px; font-style: normal; font-variant-ligatures: normal; font-variant-caps: normal; font-weight: 400; letter-spacing: normal; orphans: 2; text-align: start; text-indent: 0px; text-transform: none; widows: 2; word-spacing: 0px; -webkit-text-stroke-width: 0px; white-space: normal; background-color: rgb(255, 255, 255); text-decoration-thickness: initial; text-decoration-style: initial; text-decoration-color: initial; display: inline !important; float: none;""><br></span><br>The company's management does not want to cooperate with us, so all the data will be published soon.<br>We have <strong>18GB of data</strong> for example:<br>Data analysis, confidential documents, client data, engineering, finance, agreements, contracts, projects, invoices, employee data and many other confidential information.<span style=""color: rgb(1, 13, 57); font-family: Montserrat, sans-serif; font-size: 14px; font-style: normal; font-variant-ligatures: normal; font-variant-caps: normal; font-weight: 400; letter-spacing: normal; orphans: 2; text-align: start; text-indent: 0px; text-transform: none; widows: 2; word-spacing: 0px; -webkit-text-stroke-width: 0px; white-space: normal; background-color: rgb(255, 255, 255); text-decoration-thickness: initial; text-decoration-style: initial; text-decoration-color: initial; display: inline !important; float: none;""><br><strong><br></strong></span><strong>Bye bye.</strong><span style=""color: rgb(1, 13, 57); font-family: Montserrat, sans-serif; font-size: 14px; font-style: normal; font-variant-ligatures: normal; font-variant-caps: normal; font-weight: 400; letter-spacing: normal; orphans: 2; text-align: start; text-indent: 0px; text-transform: none; widows: 2; word-spacing: 0px; -webkit-text-stroke-width: 0px; white-space: normal; background-color: rgb(255, 255, 255); text-decoration-thickness: initial; text-decoration-style: initial; text-decoration-color: initial; display: inline !important; float: none;""><br></span></p>"
Gujarat Industries Power Company Ltd.,"P.o. Petrochemicals, Vadodara, Gujarat, India",21 Aug 2023,45 GB,"<p><strong>Gujarat Industries Power Company Limited</strong> generates and sells electricity primarily to power purchasing companies in India. The company generates power through gas, lignite, wind, and solar power plants with combined installed capacity of 1184.4 MW at Vadodara plant.</p>
<p><strong>The company was successfully encrypted and compromised.</strong><br>We have over <strong>45GB of data</strong>, namely:<br>Contracts and agreements!<br>Invoices, banking, finance!<br>Passports, cards, ID, insurance!<br>Lists of clients and information about them!<br>Confidential documents, license, company legal documents!<br>Engineering, backup data, medical certificates, audits, reports and tens of thousands of other confidential and important company documents.</p>
<p><strong><strong>Enjoy.</strong></strong></p>"
Infuance Communication Inc,"505, boul. of Maisonneuve West,  Bureau 200  Montreal (Quebec) Canada  H3A 3C2",13 Aug 2023,785 GB,"<p>Founded in 2001, <strong>Influence Communication</strong> is the largest 100% Quebec news broker.&nbsp;For 18 years, public and parapublic organizations at various levels of government, large Quebec, Canadian and foreign companies as well as public relations agencies have entrusted Influence with the task of fulfilling their various media monitoring and analysis needs.&nbsp;Influence Communication offers comprehensive monitoring, aggregation and analysis of newspapers, magazines, radio, television, news wires and news websites.<br><br>The company was successfully encrypted and compromised.<br>We have<strong> 785 GB</strong> of backup data.</p>
<p><strong>Bye Bye:)</strong></p>"
FYTISA Industrial Felts and FabricsSL,"Head Office c/Orient, 78-84 2» Floor 16-17 08172 SANT CUGAT DEL VALLÈS Barcelona - SPAIN",13 Aug 2023,27 GB,"<p><strong>Fytisa</strong> produces nowoven fabrics since 1964. Our team works to offer the quality, service and innovation that our clients require.<br><br>The company was successfully encrypted and compromised.<br>We have <strong>27GB of data</strong>, namely:<br>Insurance, certificates, declarations, technical passports, contacts and personal data of customers and employees, loans and banking company data, developments, projects, backup data, invoices and many other confidential company information.<br><span style=""text-decoration: underline;""><strong><br>Bye Bye.</strong><br></span></p>"
"Softverg Co., Ltd.","2nd floor, 13, Teheran-ro 69-gil, Gangnam-gu, Seoul",18 Aug 2023,13 GB,"<p><strong>Softverg Co., Ltd.</strong> is a young company that transacts<br>with leading domestic companies through domestic and foreign software partnerships (microsoft enterprise partner, Hancom Large partner, erwin master reseller, Ahn Lab dealer, OpenText exclusive distributor).<br>We have achieved sales performance of KRW 100 million and are preparing to leap forward for the future in line with the new IT environment with the goal of 30% growth this year.</p>
<p>The management of the company makes a big mistake by not contacting us. All your projects and development will not be able to be decrypted by third-party software. <br>Also, <strong>13GB of data </strong>was compromised from your servers, namely:<br>Pack of documents for certificate renewal, database since 2004, financial statements, insurance policies, contracts, agreements, passports and many other confidential information.</p>
<p><strong>Bye Bye.</strong></p>"
QI Holdings Ltd.,"Unit F, 26/F, MG Tower, 133 Hoi Bun Road, Kwun Tong, Kowloon East, Hong Kong",28 Aug 2023,3 GB,"<p>Today, the <strong>QI Group</strong>, headquartered in Hong Kong, is a diversiﬁed multinational entity with a wide range of subsidiary companies in nearly 30 countries. We keep pace with exponentially-growing technology and expand through tactical investments leading to the creation of interrelated ventures, services and products that take the QI Group across the globe.</p>
<p><strong>During the attack on QiGroup, madacan.mg also suffered.</strong><br>The companies were successfully encrypted and compromised.<br>We have data like:<br>Passports, visa, certificates, contracts, agreement, personal photos of employees, logistics, inventory, sales, backup data, archive, finance, invoices, photos, audit, taxes and many other confidential information.<br><br><strong>Bye Bye.</strong></p>"
Fondation De Verdeil,"38 a Av. Du Grey, Lausanne, Vaud, 1000, Switzerland",08 Aug 2023,40 GB,"<p>The <strong>Verdeil Foundation</strong> provides specialized pedagogy services to children and adolescents with various developmental and learning delays, with disabilities or in difficulty.<br>500 employees cooperate within our various structures on a daily basis, for more than 800 children and young adults from 0 to 20 years old.</p>
<p>The management of the foundation decided to hide the fact of hacking their network and compromising data, Mrs. Florence Renggli as President of the Verdeil Foundation, we advise you to think carefully about all the risks of data leakage, make the right decision and contact us otherwise all the data that we have will be published and made public. And this is <strong>40GB of compromised data</strong> such as:<br>Personal data of clients!<br>Personal data of employees!<br>Contracts and hundreds of agreement!<br>Passports and &nbsp;credit cards CC + CVV + EXP!<br>letters of illness, insurance documents, insurance cards!<br>Financial sector, personal correspondence, medical certificates and more, hundreds of photos of children and documents related to children, banking and many other sensitive information.<br><br><strong>Florence Renggli decided to show the whole world that she doesn't care about the data of students, employees and partners.<br>Bye Bye.<br></strong></p>"
FTRIA CO. LTD,"Yomiuri Kawasaki Fujimi Building B1 5F, 1-6-3 Fujimi, Kawasaki-ku, Kawasaki-shi, Kanagawa 210-0011",09 Aug 2023,8 GB,"<p><strong>FTRIA CO., LTD</strong> is a company specializing in the field of electrical equipment, telecommunications equipment, etc. The number of employees of the company as of April 1, 2021 consisted of 134 people.</p>
<p><strong>The company was successfully encrypted and compromised.</strong><br>We advise the company's management to contact us because we have <strong>7GB of data</strong>, such as:<br>confidential contracts, work site data, client data, contracts, financial sector, construction contracts, engineering, estimates, reports, price lists, certificates, backups, health insurance cards, and many other important information.<br><br><strong>So. Company management don't give a fuck about their employees and their personal information.<br>We advise people who cooperate with this company to reconsider their attitude towards management and cooperation with FTRIA CO., LTD<br>Bye Bye:)</strong></p>"
Lower Yukon School District,"100 AIRPORT RD  PO Box 32089  MOUNTAIN VILLAGE, AK 99632",05 Aug 2023,8 GB,"<p>The ten villages that comprise the<strong> Lower Yukon School District</strong> are spread across 22,000 square miles. The Yukon River, one of the largest rivers in North America, winds through our yards on its way to the Bering Sea.<br>The purpose of our District's learning community is to ensure tradition, culture and a quality of education for all of our children.</p>
<p><span style=""text-decoration: underline;""><strong>Bye bye.<br></strong></span></p>
<p>&nbsp;</p>"
John L Lowery & Associates,"9348 S Choctaw Dr, Baton Rouge, Louisiana, 70815, United States",07 Aug 2023,62 GB,"<p style=""text-align: justify;""><strong>John L. Lowery &amp; Associates, Inc.</strong> was organized in 1964 to provide versatile and comprehensive engineering and technical services for the petrochemical industry.&nbsp; We have grown and now employ all levels of professional and technical personnel such as inspectors, engineers, designers, drafters, analyzer technicians, etc.&nbsp; We work throughout the United States and abroad.&nbsp; The objective of our firm is to provide experienced, technical people in these various areas to help our clients maintain quality assurance, quality control, construction schedules, and as a result increase productivity.</p>
<p>The management of the company makes a big mistake by not contacting us. The amount of data that we have can cause devastating damage to your small company.<br>We have over <strong>70,000 files stolen</strong> from your servers, for example:<br>NDE certificates !<br>Car insurance, social security card!<br>Confidential documents and contracts!<br>Documents on certification of personnel!<br>Client/partner data dob ssn id phone mail etc!<br>Data from employee PCs as well as their personal data!<br>Incident reports at work, licenses, audits, reports, engineering, audit files from 2012 to 2021, drawings and a lot of other critical company information.</p>
<p><strong><strong>Enjoy.</strong></strong></p>"
Republican Vilnius Psychiatric Hospital,"Parko st. 21, LT-11205 Vilnius",30 Jul 2023,37 GB,"<p><strong>Republican Vilnius Psychiatric Hospital (RVPL)</strong> is the largest and widest range of mental health care institution in Lithuania. More than 600 employees work in the hospital, and professional assistance is provided to more than 7,000 people every year patients.</p>
<p>The management wants to hide the fact that their servers were encrypted and compromised, this is a bad idea because we have such data as:<span style=""text-decoration: underline;""> finances, taxes, personal data of patients, medical records of patients, procedures for admission, treatment and discharge of patients, hundreds of agreements, contracts, documents of employees as well as documents on hiring employees, hygiene passports, health passports, passports of clients and employees, and a lot of other confidential information related to both clients and the company itself.</span></p>
<p><strong>The company has made its choice. Enjoy.</strong></p>"
Avertronics Inc,"No. 10, 19th Road, Industrial Park, Nantong District, Taichung City",27 Jul 2023,50 GB,"<p><strong>Avertronics INC</strong> offers the processing of connecting elements, connecting wire modules, wireless application modules, system products, and related technology for the electronic, electrical, mechanic, photonics and health care industries.&nbsp;</p>
<p><strong>The company was successfully encrypted and compromised.</strong><br>We have data like:<br>accounting books and all accounting of the company for 2023, protocols, non-disclosure agreements, confidential agreements and contracts, customer data, as well as many other confidential and sensitive documents for the company.</p>
<p><strong>The company has made its choice. Enjoy.</strong></p>
<p>&nbsp;</p>"
CASTEC Inc,"1462 Delberts Dr, Monongahela, Pennsylvania, 15063, United States",11 Jun 2023,10.9 GB,"<p>CASTEC, INC. equipment line was acquired from CE-CAST Industrial Products. CASTEC, INC. personnel have experience ranging from 15-35 years in chemically bonded products and equipment, installation, services, and design engineering.</p>"
Grupo SCA - Business Information,"C/Raimundo Fcez. Vallaverde, 61 5ª Planta – 28003 Madrid",25 Jul 2023,291 GB,"<p><strong>Grupo SCA</strong> is a national consulting company specializing in solutions and consulting, operating on the market for more than twenty years. Our management team has been trained by multinational firms in the sector and our experience, working methods and service levels have enabled us to retain the clients we have worked with.</p>
<p>The management of the company wants to hide the fact that their servers have been encrypted and compromised, this is a bad way because we have more than <strong>290GB of data</strong>.<br>The data that we have is databases, mysql, backups, contracts, &nbsp;confidential documents and agreement, client data that fall under the law (GDPR), customer service documents, NDA, tax documents, finance, banking and this is just the tip of the iceberg .<br><br><strong>Good Bye!</strong></p>"
Kreacta,"Via delle Industrie,  15 30175 Venice Marghera, Italy",01 Aug 2023,60 GB,"<p><strong>Kreacta</strong> are specialized in technical consultancy and2D/3D mechanical design of special and automatic machines, equipment, complete production lines, and installations for industrial production in general. We provide high-quality outsourcing services, and we support companies in developing new engineering projects.</p>
<p>The company's management is silent about the fact that their network was encrypted and compromised, but we can say something else, because we have a large amount of internal company data:<br>passports, identity cards, confidential internal documents of the company, confidentiality and non-disclosure agreements, accounting, budget, financial sector, banking, invoices, full details of customers and partners (phone numbers, mails, place of residence, etc.), contracts, about <strong>30GB of data for company projects</strong>, developments and work with clients, tax data, loans, sanitary certifications and much more.</p>
<p><strong>The data of the company is published in full.</strong></p>"
Garac - Business Information,"3 Bd Gallieni, Argenteuil, Val-d'oise, 95102, France",24 Jul 2023,60 GB,"<p><strong>GARAC</strong> prepares young people for the technological and commercial challenges of tomorrow and gives them the opportunity to earn a degree with access to jobs in the automotive, motorcycle, heavy duty vehicle and transportation services sectors.</p>
<p>The company was successfully encrypted and compromised, management decided to hide the fact of hacking, and does not negotiate with us, so their company data will be published here soon..<br>The data we stole:<br>Declarations, contracts, budget accounting and salary payments, certificates, insurance, finances, student and client data, diplomas, backup data, a database , hundreds of documents with confidential information and much more.</p>
<p>We ask <strong>partners, employees and clients of GARAC</strong> to reconsider their attitude towards the company and do conclusions, because the management of company does not care about you, they do not want to protect your data.<br><strong>You can download it, it's delicious :)</strong></p>"
Ville de Chevilly-Larue,88 Avenue Du Général De Gaulle 94 669 Chevilly-Larue Cedex,24 Jul 2023,60 GB,"<p><strong>Ville de Chevilly-Larue.</strong><br><br>The network has been successfully encrypted and compromised, the data we will release if the company does not enter into dialogue with us includes:<br>banking, finance, budget, passports, contracts, certificates, employment contracts, tax data, backup data from 2021 to 2023, reports, correspondence, confidentiality agreements and more.<br><br>The management has made its choice. <strong>Enjoy.</strong></p>"
"Fushimitsu Gumi Co., Ltd","1-33-61 Dejima, Minami Ward, Hiroshima City, Hiroshima Prefecture 734-0013",24 Jul 2023,15 GB,"<p>In May 1954, the founder founded <strong>Fushimitsu Gumi</strong>, a civil engineering business, in the peaceful city of Hiroshima.&nbsp;In April 1956, the company was reorganized into Fushimitsu Gumi Co., Ltd.&nbsp;Since then, we have worked diligently to&nbsp;build a peaceful city and improve the urban infrastructure environment, while also expanding our business into architecture and construction-related fields&nbsp;.<br><br>The company was successfully encrypted and compromised We have <strong>15GB of data</strong>, namely:<br>Contracts, agreements, employee details and contacts, id cards, finances, backups for 2020 and 2021, documents from the management department and much more.<br><br><strong>Bye!</strong></p>"
BEIJER REF,"18 Calle San Dalmacio, Madrid, Madrid, 28021, Spain",24 Jul 2023,5 GB,"<p><strong>Beijer Ref</strong> is the European leader in distribution and production of industrial and commercial refrigeration equipment, and components and air conditioning systems. It employs 21-50 people and has $10M-$25M of revenue.</p>
<p>The company was encrypted and compromised, we have such data as: contracts, hundreds of passports and id cards, certificates, customer data successfully and cooperation with them, financial, tax data and much more.<br><br><strong>Good luck !</strong></p>"
Addison Electronique,"1025 Boul Lachapelle, Saint-jérôme, Quebec, J7Z 7M4, Canada",24 Jul 2023,70 GB,"<p><strong>Addison Electronique</strong> is a family business founded in 1961 specializing in electronic components.<br><br>The company was successfully encrypted and compromised. We have data such as passports, credit cards, insurance, agreements, contracts, taxes, finances from 2018 to 2023, budget, personnel, customer data, references, reports, Salary, banking and much more.<br><br>Well, the company's management has made its choice.<br>And for the amount that you offer us, you can hire lawyers for further proceedings.<br><strong>Download, it's delicious :)</strong></p>"
Rampi Srl,"21-23 Viale Europa, Porto Mantovano, Lombardy, 46047, Italy",18 Jul 2023,351 GB,"<p><strong>Rampi Srl</strong> produces and markets professional detergents suitable for both laundries and domestic use.</p>
<p>We have <strong>351 GB of data stolen</strong> from the company's servers which include:<br>Banking, commission data from 2016 to March 2023, reports, scans, finance, contracts and much more.<br><br><strong>All data that was stolen from the company has been published in full.</strong><br><strong>In the rampi.com_DB folder, the backup data is 275GB.</strong></p>"
Corinium Carpets,"unit p2 Kingsditch Ln, Cheltenham, Gloucestershire, GL51 9PB, United Kingdom",20 Jul 2023,11 GB,"<p>Located in Cheltenham, Gloucestershire and established in 1976, Corinium Carpets is a family run carpet company committed to providing first class customer care and high quality flooring services.</p>
<p>We have passports, driver's licenses, ID Cards, invoices, NDAs, contracts, certificates, insurance, employment documents, scans, PC information from more than 15 employees and much more.<br><br>Download, it's delicious:)</p>"
Burton & South Derbyshire College,"Burton Town Centre Campus Lichfield St, Burton Upon Trent, Staffordshire, DE14 3RL, United Kingdom",11 Jul 2023,111 GB,"<p>A school of science was founded in 1872 and by 1879 had moved to the Burton Institute in Union Street. By 1931 it was known as the Technical Institute. In 1948 it became Burton technical College following the combination of the Thechnical institute with the Junior Technical school.</p>
<p>We have over 150GB of sensitive data, namely:<br>Thousands of passports and ID cards of students, teachers and leaders.<br>Business cards, travel cards, covid cards, credit cards, visa cards.<br>Correspondence of employees as well as sensitive information of students, namely their full data and, in some cases, letters of well-being and personal correspondence.<br>Confidential contracts, certificates, contracts, budget from 2005 to 2025, KPIs, about 40GB of data from employees' computers, HR, Finance &amp; Planning, invoices, insurance, contracts and contract sheets and many other critical college documents.</p>
<p><br>The college management, after lengthy negotiations, decided to give a damn about the data of their students, employees and partners. We ask all interested parties to reconsider their attitude towards cooperation with Burton &amp; South Derbyshire College and download the archives to find out what data hackers will now receive for their dark deeds.</p>"
Acomen,France,18 Jul 2023,17 GB,"<p>Acomen is a company that operates in the Health, Wellness and Fitness industry. It employs 21-50 people and has $5M-$10M of revenue.<br><br>We have a lot of confidential information stolen from your network, and these are diplomas, certificates, contracts, invoices, client data, finances and much more.<br><br>The management have made their choice.<br>All the data that we have compromised from the Acomen network has been published in full.</p>"
Protactics,"Carrera 9 # 80 - 12  Ofocina 702  Bogota, CO",08 Jul 2023,3.79 GB,"<p>Protactics is a Colombian company that provides security and defense solutions for companies and governments in Latin America. <br><br>We have data such as passports, ID cards/certificates/agreements/contracts/confidential documents/banking/taxes/financial sector and much more.<br><br>The management have made their choice.<br>All the data that we have compromised from the Protactics network has been published in full.</p>"
Jordan Airmotive Ltd,"Queen Alia International Airport, Amman, Amman, Jordan",11 Jul 2023,47 GB,"<p>Jordan Airmotive provides additional services: 1. Contract Evaluation Jordan Airmotive team will evaluate the most suitable contract type for your engine repair, whether it is NTE, FFP, Time &amp; Material or otherwise.&nbsp;</p>
<p>We have hundreds of passports including employee and client passports, ID Cards, NDAs, confidential agreements/contracts, a lot of data from the financial sector, tax, HR, many different company and employee certificates, reports, employee evaluation documents, employee data and their works as well as personal documents and passports of all directors and chairmen.<br><br>The management has made its choice, they do not want to protect both their interests and the interests of customers, employe and partners, therefore all the data compromised by us from the Jordan Airmotive Ltd network is published in full.<br>Download, it's delicious :)</p>"
Doesburg Components,"1115 De Flammert, Bergen, 5854NB, Lebanon",07 Jun 2023,20 GB,"<p>Doesburg Components is een leverancier van hoogwaardige gietijzeren componenten aan klanten in de truck, motoren en landbouw sector. Hierbij verzorgen wij als Tier 1 het complete proces van ontwikkeling tot aan het uitleveren van ""ready to use"" eindcomponenten.</p>"
Innodis Group,"Innodis Caudan Water Front, Port Louis, Port Louis, Mauritius",07 Jul 2023,21 GB,"<p>Innodis Ltd, a public listed company founded in 1973, averages an annual turnover of almost MUR 4 billion. We are presently one of the largest groups involved in food and non-food production and distribution in Mauritius.&nbsp;<br><br><span style=""color: rgb(0, 0, 0);"">We have important data and this is more than 20GB of data which includes:</span><br><span style=""color: rgb(0, 0, 0);"">Banking data from 2008 to June 2023, tax records, invoices, a large amount of data from the financial sector.</span><br><span style=""color: rgb(0, 0, 0);"">Data about employees as well as acts of accepting them for a job, their passports, phone numbers and much more.</span><br><span style=""color: rgb(0, 0, 0);"">Backup data since 2004.</span><br><span style=""color: rgb(0, 0, 0);"">ID cards, passports, agreements, contracts, certificates, NDA.</span><br><span style=""color: rgb(0, 0, 0);"">Passport and personal data of Jean-Pierre Kong director of innodisgroup.com and subordinate employees.<br><br>Apparently the company think is that this joke. Now the time has expired and their data is published.<br></span></p>"
Credit Team,"30/a Via Sostegno, Brescia, Bs, 25124, Italy",19 Jun 2023,12.1 GB,"<p>Provider of subsidized finance and credit brokerage intended to increase liquidity and company growth. The company's services include obtaining non-repayable grants, tax bonuses and subsidized loans for micro SMEs, start-ups and freelancers<br><strong>There are all financial, tax, confidential documents of the company, as well as important financial and credit documents of their clients. Where there are income documents and credit documents, as well as passport documents of company owners, there are also details and credit data of company owners' cards.</strong></p>
<p><strong>There are financial documents of companies with which the Credit Team worked. In addition to the companies represented here, we have about 100 companies. Imagine the scale of the leak:</strong></p>
<p>www.ambrosini.it<br>www.combustibilicereda.it<br>www.capoferri.it<br>www.eredibaitelli.it<br>www.bontempiimpiantipec.it</p>
<p><br>This is only a part of them, and there are a lot of them, if they do not cooperate, not only they will suffer, but also the owners of these companies whose data will be leaked. <strong>They don't understand the seriousness of the situation.</strong></p>"
Promotion Fulfillment Center,"311 21st St, Camanche, Iowa, 52730, United States",19 Jun 2023,21.1 GB,"<p>Founded in 1974, Promotion Fulfillment Center provides product fulfillment and promotional services. They offer rebates, sweepstakes/contests, loyalty programs and more. The company is headquartered in Camanche, Iowa.</p>"
Cyril Johnston Hire,"Ballynahinch Rd, Belfast, Belfast, BT8 8DJ, United Kingdom",18 Jun 2023,7.12 GB,"<p>Cyril Johnston Hire commenced trading in April 1988. The original concept was the provision of Agricultural equipment Rental to support the companies burgeoning Agricultural customer base. This concept, Cyril Johnston Hire, rapidly developed to meet the Companys.</p>"
Centre Hospitalier Régional de Namur,"185 Ave Albert 1er, Namur, Wallonia, 5000, Belgium",14 Jun 2023,127 GB,"<p>Centre Hospitalier R&eacute;gional de Namur is a company that operates in the Hospital &amp; Health Care industry. It employs 1,001-2,000 people and has $100M-$250M of revenue. The company is headquartered in Namur, Wallonia, Belgium.</p>"
